cnc_id,cnc_date,SpindleSpeed_max,Servocurrent_mean,SpindleLoad_max
20220823-0000185,2023-10-08 03:14:36.906,2227.05,158.42,31398.31
20220823-0000186,2023-10-08 03:14:37.884,2227.05,151.36,32008.19
20220823-0000187,2023-10-08 03:15:50.892,2227.05,143.86,31502.09
20220823-0000188,2023-10-08 03:17:13.888,2224.02,145.8,31207.9
20220823-0000189,2023-10-08 03:18:26.904,2225.03,144.1,32091.01
20220823-0000191,2023-10-08 03:20:59.888,2227.05,154.38,31375.78
20220823-0000192,2023-10-08 03:22:16.387,2227.05,165.65,31689.76
20220823-0000193,2023-10-08 03:23:33.382,2223.01,158.99,31286.88
20220823-0000194,2023-10-08 03:24:50.380,2226.04,155.74,31572.28
20220823-0000195,2023-10-08 03:26:06.889,2228.06,146.76,31286.8
20220823-0000196,2023-10-08 03:27:24.896,2228.06,152.29,32060.76
20220823-0000197,2023-10-08 03:28:41.885,2226.04,150.17,31776.97
20220823-0000198,2023-10-08 03:29:57.889,2226.04,150.71,31931.4
20220823-0000199,2023-10-08 03:31:39.756,2226.04,141.69,32057.87
20220823-0000200,2023-10-08 03:32:32.381,2224.02,148.81,32096.81
20220823-0000201,2023-10-08 03:33:48.386,2226.04,161.55,32085.18
20220823-0000202,2023-10-08 03:35:05.390,2226.04,160.88,32057.32
20220823-0000203,2023-10-08 03:36:22.388,2228.06,153.07,31690.09
20220823-0000204,2023-10-08 03:37:48.874,2231.09,166.52,31609.72
20220823-0000205,2023-10-08 03:38:56.378,2226.04,171.62,31611.42
20220823-0000206,2023-10-08 03:38:57.395,2226.04,162.1,31826.9
20220823-0000208,2023-10-08 03:41:30.879,2224.02,158.82,31501.95
20220823-0000209,2023-10-08 03:42:47.891,2225.03,155.35,31824.75
20220823-0000210,2023-10-08 03:44:05.884,2228.06,169.11,31397.43
20220823-0000210,2023-10-08 03:44:05.884,2216.92,152.2,31711.4
20220823-0000212,2023-10-08 03:46:38.878,2224.02,155.89,31929.04
20220823-0000213,2023-10-08 03:47:57.369,2226.04,144.59,32046.27
20220823-0000214,2023-10-08 03:49:10.371,2230.08,148.4,31930.98
20220823-0000216,2023-10-08 03:51:36.879,2228.06,165.04,31501.68
20220823-0000217,2023-10-08 03:51:37.883,2228.06,153.96,32047.57
20220823-0000218,2023-10-08 03:53:17.873,2227.05,158.39,31500.59
20220823-0000219,2023-10-08 03:54:14.872,2227.05,152.88,31287.09
20220823-0000219,2023-10-08 03:54:14.872,2215.91,137.59,31599.96
20220823-0000220,2023-10-08 03:56:00.876,2230.08,149.66,32060.48
20220823-0000221,2023-10-08 03:57:17.373,2233.11,153.43,31689.65
20220823-0000222,2023-10-08 03:58:30.369,2226.04,134.39,31829.41
20220823-0000224,2023-10-08 03:59:44.365,2227.05,148.35,32001.52
20220823-0000226,2023-10-08 04:02:16.380,2222.0,152.23,31517.76
20220823-0000227,2023-10-08 04:03:30.364,2226.04,155.95,31775.55
20220823-0000228,2023-10-08 04:04:44.372,2227.05,146.01,31775.64
20220823-0000230,2023-10-08 04:07:10.378,2228.06,146.27,31794.61
20220823-0000231,2023-10-08 04:08:24.375,2223.01,160.93,31930.53
20220823-0000231,2023-10-08 04:08:24.375,2223.01,156.1,33527.06
20220823-0000233,2023-10-08 04:10:51.365,2227.05,133.76,31501.82
20220823-0000234,2023-10-08 04:12:03.859,2228.06,168.64,31398.79
20220823-0000235,2023-10-08 04:12:04.865,2232.1,161.74,31855.46
20220823-0000236,2023-10-08 04:13:17.869,2224.02,143.43,31774.28
20220823-0000237,2023-10-08 04:14:31.856,2226.04,143.28,31871.07
20220823-0000238,2023-10-08 04:15:44.863,2228.06,149.98,32068.98
20220823-0000239,2023-10-08 04:16:57.866,2225.03,143.93,32068.78
20220823-0000240,2023-10-08 04:18:11.858,2232.1,159.82,31855.75
20220823-0000241,2023-10-08 04:19:24.870,2226.04,146.13,31931.92
20220823-0000243,2023-10-08 04:20:38.861,2226.04,155.53,32002.51
20220823-0000244,2023-10-08 04:21:59.859,2227.05,146.91,32090.57
20220823-0000245,2023-10-08 04:23:12.863,2227.05,157.84,32002.5
20220823-0000246,2023-10-08 04:24:25.857,2227.05,151.52,31621.58
20220823-0000247,2023-10-08 04:25:39.858,2229.07,158.99,31598.36
20220823-0000248,2023-10-08 04:27:01.863,2225.03,146.13,31286.56
20220823-0000250,2023-10-08 04:29:30.858,2226.04,138.75,31845.22
20220823-0000251,2023-10-08 04:30:52.875,2226.04,136.43,31690.71
20220823-0000252,2023-10-08 04:32:05.859,2228.06,155.11,31499.47
20220823-0000254,2023-10-08 04:34:36.857,2227.05,157.04,31774.16
20220823-0000255,2023-10-08 04:37:15.854,2225.03,156.56,31398.77
20220823-0000255,2023-10-08 04:37:15.854,2213.9,140.91,31712.76
20220823-0000258,2023-10-08 05:00:12.707,2226.04,150.07,31287.18
20220823-0000259,2023-10-08 05:01:16.847,2227.05,154.47,31776.21
20220823-0000260,2023-10-08 05:02:47.154,2224.02,149.79,31634.43
20220823-0000261,2023-10-08 05:03:56.351,2223.01,141.0,33655.71
20220823-0000261,2023-10-08 05:03:56.351,2223.01,145.36,32053.06
20220823-0000262,2023-10-08 05:05:23.337,2228.06,153.53,31931.77
20220823-0000263,2023-10-08 05:06:37.339,2226.04,153.67,31931.64
20220823-0000264,2023-10-08 05:08:24.512,2216.92,139.9,32251.39
20220823-0000264,2023-10-08 05:08:24.512,2228.06,155.44,31932.07
20220823-0000266,2023-10-08 05:10:45.337,2214.91,135.77,32366.83
20220823-0000266,2023-10-08 05:10:45.337,2226.04,150.86,32046.37
20220823-0000267,2023-10-08 05:11:59.345,2226.04,151.93,31944.31
20220823-0000268,2023-10-08 05:13:26.332,2232.1,161.0,31845.09
20220823-0000269,2023-10-08 05:14:39.343,2225.03,140.24,32000.26
20220823-0000269,2023-10-08 05:14:39.343,2225.03,136.03,33600.27
20220823-0000270,2023-10-08 05:16:06.844,2225.03,152.57,31857.06
20220823-0000271,2023-10-08 05:17:19.833,2226.04,140.22,31932.65
20220823-0000272,2023-10-08 05:18:47.836,2227.05,148.03,31599.48
20220823-0000273,2023-10-08 05:20:01.340,2232.1,153.22,31335.06
20220823-0000274,2023-10-08 05:21:28.341,2227.05,153.92,31492.37
20220823-0000275,2023-10-08 05:22:41.339,2228.06,149.12,31289.22
20220823-0000275,2023-10-08 05:22:41.339,2216.92,134.21,31602.11
20220823-0000276,2023-10-08 05:24:07.831,2224.02,149.43,31611.15
20220823-0000277,2023-10-08 05:24:08.834,2225.03,161.15,31598.89
20220823-0000278,2023-10-08 05:25:25.783,2228.06,137.78,31287.8
20220823-0000279,2023-10-08 05:25:25.843,2228.06,151.0,31538.2
20220823-0000280,2023-10-08 05:26:48.327,2225.03,167.31,31398.53
20220823-0000281,2023-10-08 05:26:49.330,2227.05,142.04,31934.01
20220823-0000282,2023-10-08 05:28:02.326,2227.05,153.58,31501.95
20220823-0000283,2023-10-08 05:29:33.634,2223.01,179.77,31976.65
20220823-0000285,2023-10-08 05:32:09.821,2227.05,142.16,31972.13
20220823-0000287,2023-10-08 05:34:50.833,2227.05,155.37,33178.42
20220823-0000287,2023-10-08 05:34:50.833,2227.05,160.17,31598.5
20220823-0000289,2023-10-08 05:36:04.831,2230.08,158.96,32016.31
20220823-0000291,2023-10-08 05:38:45.331,2214.91,136.02,31599.75
20220823-0000291,2023-10-08 05:38:45.331,2226.04,151.13,31286.88
20220823-0000293,2023-10-08 05:41:26.320,2229.07,152.33,31501.79
20220823-0000295,2023-10-08 05:44:51.324,2230.08,146.55,31974.55
20220823-0000296,2023-10-08 05:47:45.123,2225.03,148.36,31598.1
20220823-0000298,2023-10-08 05:50:20.820,2232.1,147.6,32007.48
20220823-0000299,2023-10-08 05:50:21.822,2224.02,158.29,31856.32
20220823-0000300,2023-10-08 05:52:01.839,2228.06,127.04,31167.98
20220823-0000302,2023-10-08 05:54:49.354,2227.05,153.81,31828.54
20220823-0000303,2023-10-08 05:56:02.317,2223.01,153.66,33364.62
20220823-0000303,2023-10-08 05:56:02.317,2223.01,158.41,31775.83
20220823-0000304,2023-10-08 05:57:16.324,2223.01,157.6,32064.69
20220823-0000306,2023-10-08 06:00:42.327,2228.06,147.68,31932.7
20220823-0000307,2023-10-08 06:01:56.313,2227.05,159.06,31906.74
20220823-0000308,2023-10-08 06:03:09.323,2226.04,147.0,31917.29
20220823-0000310,2023-10-08 06:05:35.817,2231.09,157.0,31349.09
20220823-0000311,2023-10-08 06:05:36.819,2227.05,144.06,32080.06
20220823-0000312,2023-10-08 06:06:49.810,2223.01,155.05,31931.2
20220823-0000313,2023-10-08 06:06:50.809,2226.04,165.55,31397.96
20220823-0000314,2023-10-08 06:08:03.814,2227.05,163.71,31963.93
20220823-0000315,2023-10-08 06:09:16.820,2225.03,165.61,31690.72
20220823-0000316,2023-10-08 06:10:30.824,2213.9,127.33,31711.74
20220823-0000316,2023-10-08 06:10:30.824,2225.03,141.48,31397.76
20220823-0000317,2023-10-08 06:11:43.829,2227.05,158.02,31931.48
20220823-0000319,2023-10-08 06:14:12.316,2231.09,146.68,31706.52
20220823-0000320,2023-10-08 06:15:25.314,2226.04,153.53,32039.16
20220823-0000321,2023-10-08 06:15:26.324,2226.04,155.54,32054.28
20220823-0000323,2023-10-08 06:17:52.319,2223.01,142.98,31503.29
20220823-0000325,2023-10-08 06:20:20.303,2225.03,138.03,31397.29
20220823-0000326,2023-10-08 06:21:33.311,2224.02,160.31,31288.76
20220823-0000327,2023-10-08 06:22:52.305,2229.07,152.23,32029.64
20220823-0000328,2023-10-08 06:22:53.310,2227.05,144.88,31687.76
20220823-0000329,2023-10-08 06:24:06.309,2223.01,167.06,31777.31
20220823-0000330,2023-10-08 06:25:19.801,2224.02,158.76,31776.1
20220823-0000331,2023-10-08 06:26:32.813,2229.07,146.23,31929.16
20220823-0000333,2023-10-08 06:28:59.306,2223.01,152.79,33179.28
20220823-0000333,2023-10-08 06:28:59.306,2223.01,157.52,31599.32
20220823-0000334,2023-10-08 06:29:00.309,2227.05,145.43,32008.08
20220823-0000335,2023-10-08 06:30:13.301,2225.03,161.28,31854.78
20220823-0000337,2023-10-08 06:32:39.307,2230.08,156.86,31858.35
20220823-0000339,2023-10-08 06:33:53.306,2226.04,147.18,31872.38
20220823-0000342,2023-10-08 06:42:10.799,2228.06,153.84,31855.24
20220823-0000343,2023-10-08 06:43:46.815,2226.04,152.69,31169.09
20220823-0000344,2023-10-08 06:45:08.811,2227.05,143.69,31837.47
20220823-0000345,2023-10-08 06:46:28.796,2231.09,153.88,31597.9
20220823-0000347,2023-10-08 06:49:03.803,2228.06,152.03,31254.04
20220823-0000348,2023-10-08 06:50:20.797,2226.04,158.2,31689.27
20220823-0000349,2023-10-08 06:51:38.797,2232.1,165.93,31499.53
20220823-0000351,2023-10-08 06:54:13.808,2226.04,155.69,31171.11
20220823-0000352,2023-10-08 06:55:30.790,2225.03,143.73,31672.8
20220823-0000353,2023-10-08 06:56:47.795,2227.05,166.59,31597.72
20220823-0000354,2023-10-08 06:58:05.793,2231.09,156.04,31691.64
20220823-0000355,2023-10-08 06:59:22.791,2226.04,143.47,33037.67
20220823-0000355,2023-10-08 06:59:22.791,2226.04,147.91,31464.45
20220823-0000356,2023-10-08 07:00:40.807,2227.05,157.19,31689.13
20220823-0000357,2023-10-08 07:01:57.803,2227.05,142.88,31500.89
20220823-0000358,2023-10-08 07:03:14.791,2223.01,148.74,31599.52
20220823-0000358,2023-10-08 07:03:14.791,2211.89,133.87,31915.52
20220823-0000359,2023-10-08 07:04:31.790,2225.03,159.66,31286.88
20220823-0000360,2023-10-08 07:04:32.794,2224.02,160.53,31396.75
20220823-0000361,2023-10-08 07:05:09.795,2223.01,144.47,31212.42
20220823-0000362,2023-10-08 07:07:17.798,2227.05,149.13,31931.64
20220823-0000363,2023-10-08 07:08:39.786,2223.01,165.33,31700.44
20220823-0000364,2023-10-08 07:09:52.793,2226.04,159.32,31953.09
20220823-0000365,2023-10-08 07:11:05.785,2233.11,155.36,31500.48
20220823-0000366,2023-10-08 07:12:19.781,2231.09,142.88,31997.24
20220823-0000367,2023-10-08 07:13:33.298,2227.05,148.66,31287.18
20220823-0000368,2023-10-08 07:14:47.286,2224.02,171.42,31997.94
20220823-0000369,2023-10-08 07:16:00.281,2225.03,165.41,31396.81
20220823-0000370,2023-10-08 07:17:13.287,2226.04,141.59,31500.54
20220823-0000371,2023-10-08 07:18:27.297,2228.06,150.17,31856.82
20220823-0000374,2023-10-08 07:22:07.291,2226.04,144.4,31502.45
20220823-0000375,2023-10-08 07:23:20.294,2224.02,157.28,31598.69
20220823-0000376,2023-10-08 07:24:34.287,2227.05,159.46,32049.87
20220823-0000377,2023-10-08 07:25:52.429,2224.02,144.77,31597.57
20220823-0000378,2023-10-08 07:25:52.497,2230.08,136.18,31918.86
20220823-0000379,2023-10-08 07:27:01.288,2224.02,150.04,31597.9
20220823-0000379,2023-10-08 07:27:01.288,2224.02,145.54,33177.79
20220823-0000380,2023-10-08 07:28:14.279,2226.04,145.32,32058.09
20220823-0000381,2023-10-08 07:29:28.288,2227.05,147.54,31288.44
20220823-0000383,2023-10-08 07:31:54.279,2226.04,134.71,31288.73
20220823-0000384,2023-10-08 07:31:55.283,2230.08,141.61,32046.26
20220823-0000385,2023-10-08 07:33:08.283,2227.05,161.72,31286.52
20220823-0000386,2023-10-08 07:34:21.276,2227.05,149.06,32030.68
20220823-0000387,2023-10-08 07:35:35.277,2232.1,149.97,31856.35
20220823-0000389,2023-10-08 07:38:01.275,2223.01,160.72,31736.54
20220823-0000390,2023-10-08 07:39:15.288,2227.05,173.9,31289.23
20220823-0000391,2023-10-08 07:40:28.282,2211.89,130.69,31816.62
20220823-0000391,2023-10-08 07:40:28.282,2223.01,145.21,31501.6
20220823-0000393,2023-10-08 07:42:55.284,2223.01,168.55,32030.19
20220823-0000394,2023-10-08 07:44:09.282,2226.04,168.3,31598.13
20220823-0000395,2023-10-08 07:45:22.281,2224.02,142.85,31689.13
20220823-0000396,2023-10-08 07:46:35.286,2225.03,157.99,31169.89
20220823-0000397,2023-10-08 07:47:48.284,2227.05,142.56,32029.77
20220823-0000399,2023-10-08 07:49:02.270,2226.04,143.37,31993.36
20220823-0000401,2023-10-08 07:50:16.269,2226.04,132.76,31501.95
20220823-0000402,2023-10-08 07:51:29.271,2227.05,157.1,31409.82
20220823-0000403,2023-10-08 07:52:42.283,2232.1,159.99,31776.32
20220823-0000404,2023-10-08 07:53:59.278,2224.02,140.56,31598.88
20220823-0000405,2023-10-08 07:55:13.275,2225.03,143.7,31955.34
20220823-0000406,2023-10-08 07:56:44.845,2229.07,159.75,32062.04
20220823-0000407,2023-10-08 07:57:48.272,2224.02,133.96,32055.71
20220823-0000410,2023-10-08 08:01:29.264,2227.05,160.02,31281.42
20220823-0000411,2023-10-08 08:02:42.279,2226.04,163.57,32011.0
20220823-0000412,2023-10-08 08:03:55.267,2230.08,150.27,31855.81
20220823-0000415,2023-10-08 08:20:12.229,2227.05,162.12,32102.98
20220823-0000417,2023-10-08 08:27:40.752,2228.06,157.11,31397.63
20220823-0000418,2023-10-08 08:30:25.760,2226.04,154.34,31495.7
20220823-0000419,2023-10-08 08:33:47.259,2223.01,149.34,31305.39
20220823-0000420,2023-10-08 08:36:01.264,2227.05,151.65,32001.49
20220823-0000421,2023-10-08 08:38:04.256,2227.05,155.9,31690.88
20220823-0000422,2023-10-08 08:38:39.255,2226.04,149.51,31991.77
20220823-0000423,2023-10-08 08:39:57.255,2223.01,155.74,31959.22
20220823-0000424,2023-10-08 08:41:10.255,2231.09,152.36,31736.22
20220823-0000425,2023-10-08 08:42:30.246,2223.01,150.75,31856.28
20220823-0000427,2023-10-08 08:44:57.254,2226.04,161.05,31396.92
20220823-0000428,2023-10-08 08:46:10.252,2223.01,145.67,31791.23
20220823-0000429,2023-10-08 08:47:23.254,2227.05,143.22,31762.76
20220823-0000431,2023-10-08 08:49:50.739,2226.04,161.76,32033.02
20220823-0000432,2023-10-08 08:51:04.754,2223.01,161.71,32044.84
20220823-0000432,2023-10-08 08:51:04.754,2223.01,156.86,33647.08
20220823-0000433,2023-10-08 08:51:30.741,2224.02,152.88,32032.77
20220823-0000434,2023-10-08 08:53:12.259,2226.04,145.08,31173.21
20220823-0000435,2023-10-08 08:54:07.253,2226.04,141.26,31904.51
20220823-0000436,2023-10-08 08:55:20.237,2226.04,179.07,31400.24
20220823-0000437,2023-10-08 08:56:34.245,2226.04,149.68,31777.01
20220823-0000438,2023-10-08 08:57:48.243,2226.04,152.29,32043.56
20220823-0000440,2023-10-08 09:00:14.234,2224.02,157.44,30621.76
20220823-0000441,2023-10-08 09:01:28.238,2228.06,148.95,32039.24
20220823-0000442,2023-10-08 09:02:42.233,2228.06,165.54,31722.24
20220823-0000443,2023-10-08 09:03:55.238,2228.06,155.24,31928.7
20220823-0000444,2023-10-08 09:05:09.240,2227.05,147.16,31288.73
20220823-0000445,2023-10-08 09:06:22.735,2224.02,145.46,31288.46
20220823-0000446,2023-10-08 09:07:35.735,2226.04,161.75,32052.95
20220823-0000447,2023-10-08 09:08:49.734,2215.91,134.04,32087.82
20220823-0000447,2023-10-08 09:08:49.734,2227.05,148.93,31770.12
20220823-0000448,2023-10-08 09:10:03.233,2223.01,146.64,31891.98
20220823-0000449,2023-10-08 09:11:16.743,2228.06,167.65,32005.75
20220823-0000451,2023-10-08 09:13:43.740,2227.05,156.66,31690.82
20220823-0000452,2023-10-08 09:14:56.738,2226.04,148.33,31776.54
20220823-0000453,2023-10-08 09:16:10.732,2223.01,145.88,31170.0
20220823-0000454,2023-10-08 09:17:23.732,2228.06,149.42,31287.83
20220823-0000455,2023-10-08 09:18:50.733,2224.02,150.19,31775.77
20220823-0000456,2023-10-08 09:20:35.737,2227.05,145.34,31556.8
20220823-0000456,2023-10-08 09:20:35.737,2215.91,130.81,31872.37
20220823-0000457,2023-10-08 09:21:48.733,2232.1,160.58,31170.62
20220823-0000458,2023-10-08 09:23:02.735,2224.02,155.77,31599.11
20220823-0000459,2023-10-08 09:24:15.731,2228.06,160.17,31856.33
20220823-0000460,2023-10-08 09:25:28.737,2223.01,146.27,31855.31
20220823-0000462,2023-10-08 09:26:42.733,2227.05,158.52,31597.98
20220823-0000463,2023-10-08 09:28:05.981,2226.04,138.7,31871.97
20220823-0000464,2023-10-08 09:29:10.223,2228.06,144.44,31931.75
20220823-0000465,2023-10-08 09:30:23.235,2227.05,155.67,31286.53
20220823-0000466,2023-10-08 09:31:37.233,2226.04,178.95,31599.33
20220823-0000467,2023-10-08 09:32:50.227,2226.04,148.9,31689.74
20220823-0000468,2023-10-08 09:34:04.226,2226.04,171.05,31856.28
20220823-0000469,2023-10-08 09:35:17.225,2232.1,142.71,31397.76
20220823-0000470,2023-10-08 09:36:31.233,2227.05,151.61,31995.19
20220823-0000471,2023-10-08 09:38:02.971,2226.04,144.69,32025.35
20220823-0000472,2023-10-08 09:39:23.217,2226.04,154.32,31591.44
20220823-0000474,2023-10-08 09:41:50.231,2227.05,154.86,31909.62
20220823-0000474,2023-10-08 09:41:50.231,2215.91,139.37,32228.72
20220823-0000475,2023-10-08 09:43:03.226,2225.03,157.59,31047.51
20220823-0000476,2023-10-08 09:44:18.218,2225.03,145.85,31543.18
20220823-0000477,2023-10-08 09:45:31.231,2226.04,149.83,31775.37
20220823-0000478,2023-10-08 09:46:51.228,2225.03,153.63,31657.66
20220823-0000480,2023-10-08 09:48:04.714,2225.03,138.66,31396.28
20220823-0000481,2023-10-08 09:49:25.720,2224.02,143.92,31932.08
20220823-0000482,2023-10-08 09:50:38.719,2227.05,148.42,33725.81
20220823-0000482,2023-10-08 09:50:38.719,2227.05,153.01,32119.81
20220823-0000483,2023-10-08 09:51:59.725,2227.05,148.63,31856.54
20220823-0000484,2023-10-08 09:53:13.724,2225.03,141.94,32064.61
20220823-0000485,2023-10-08 09:54:34.722,2223.01,154.26,31501.96
20220823-0000486,2023-10-08 09:55:47.722,2225.03,162.37,31775.82
20220823-0000487,2023-10-08 09:57:05.715,2223.01,169.26,31752.0
20220823-0000488,2023-10-08 09:58:56.713,2223.01,145.78,31689.49
20220823-0000489,2023-10-08 10:00:10.710,2227.05,154.28,31613.49
20220823-0000491,2023-10-08 10:02:56.715,2225.03,142.5,31856.69
20220823-0000492,2023-10-08 10:04:28.171,2226.04,163.9,31998.33
20220823-0000495,2023-10-08 10:08:59.216,2224.02,158.45,32000.16
20220823-0000497,2023-10-08 10:14:33.205,2226.04,151.52,31776.3
20220823-0000498,2023-10-08 10:16:23.207,2224.02,147.35,31855.19
20220823-0000499,2023-10-08 10:17:36.205,2231.09,140.64,31501.68
20220823-0000501,2023-10-08 10:20:04.205,2230.08,135.47,31552.72
20220823-0000502,2023-10-08 10:21:17.706,2231.09,147.99,32065.65
20220823-0000503,2023-10-08 10:22:30.705,2226.04,133.52,31854.69
20220823-0000504,2023-10-08 10:22:31.714,2224.02,157.05,32047.55
20220823-0000505,2023-10-08 10:23:44.698,2231.09,144.88,31398.36
20220823-0000506,2023-10-08 10:24:58.213,2223.01,160.35,31398.03
20220823-0000507,2023-10-08 10:26:11.209,2227.05,149.89,31483.61
20220823-0000508,2023-10-08 10:27:24.198,2228.06,132.85,31689.93
20220823-0000509,2023-10-08 10:28:38.207,2215.91,136.76,32007.17
20220823-0000509,2023-10-08 10:28:38.207,2227.05,151.95,31690.26
20220823-0000510,2023-10-08 10:29:52.207,2226.04,166.7,32175.16
20220823-0000511,2023-10-08 10:31:05.202,2226.04,143.36,31854.56
20220823-0000514,2023-10-08 10:34:46.201,2226.04,135.62,31692.47
20220824-0000005,2023-10-08 23:12:34.688,2225.03,151.77,31181.13
20220824-0000007,2023-10-08 23:14:00.175,2228.06,142.69,31985.5
20220824-0000008,2023-10-08 23:15:35.177,2228.06,161.0,31989.54
20220824-0000009,2023-10-08 23:16:49.184,2223.01,139.51,31860.91
20220824-0000010,2023-10-08 23:18:21.177,2226.04,149.07,32028.84
20220824-0000011,2023-10-08 23:19:35.185,2212.9,124.78,31717.05
20220824-0000011,2023-10-08 23:19:35.185,2224.02,138.65,31403.01
20220824-0000012,2023-10-08 23:20:48.183,2225.03,155.16,31506.79
20220824-0000013,2023-10-08 23:22:02.177,2225.03,150.41,31692.93
20220824-0000014,2023-10-08 23:23:27.514,2227.05,143.13,31514.45
20220824-0000015,2023-10-08 23:24:44.173,2226.04,152.51,31866.56
20220824-0000016,2023-10-08 23:25:58.190,2226.04,149.51,31506.44
20220824-0000016,2023-10-08 23:25:58.190,2214.91,134.56,31821.51
20220824-0000017,2023-10-08 23:27:11.175,2226.04,139.44,32128.1
20220824-0000017,2023-10-08 23:27:11.175,2214.91,125.5,32449.38
20220824-0000018,2023-10-08 23:28:36.177,2224.02,153.59,32077.16
20220824-0000019,2023-10-08 23:29:58.180,2225.03,153.84,31871.54
20220824-0000020,2023-10-08 23:31:12.176,2232.1,158.81,31603.33
20220824-0000021,2023-10-08 23:32:33.167,2225.03,147.56,31777.96
20220824-0000022,2023-10-08 23:33:47.175,2225.03,157.75,31398.11
20220824-0000023,2023-10-08 23:35:09.461,2231.09,151.98,31504.06
20220824-0000024,2023-10-08 23:36:21.194,2231.09,154.1,31778.62
20220824-0000025,2023-10-08 23:37:43.160,2225.03,155.1,32047.35
20220824-0000026,2023-10-08 23:38:56.163,2231.09,160.81,31997.56
20220824-0000027,2023-10-08 23:40:17.161,2231.09,141.95,31599.52
20220824-0000029,2023-10-08 23:41:31.176,2225.03,162.36,31693.3
20220824-0000030,2023-10-08 23:42:54.180,2227.05,159.84,31170.65
20220824-0000031,2023-10-08 23:45:00.353,2227.05,163.82,31934.5
20220824-0000031,2023-10-08 23:45:00.353,2215.91,147.44,32253.84
20220824-0000032,2023-10-08 23:46:37.668,2227.05,144.63,31558.29
20220824-0000033,2023-10-08 23:47:51.659,2227.05,150.51,31423.88
20220824-0000033,2023-10-08 23:47:51.659,2227.05,145.99,32995.07
20220824-0000034,2023-10-08 23:49:21.658,2228.06,148.81,31399.45
20220824-0000035,2023-10-08 23:50:34.653,2214.91,136.87,31714.83
20220824-0000035,2023-10-08 23:50:34.653,2226.04,152.08,31400.82
20220824-0000036,2023-10-08 23:51:55.672,2216.92,124.99,32251.83
20220824-0000036,2023-10-08 23:51:55.672,2228.06,138.88,31932.51
20220824-0000037,2023-10-08 23:53:16.655,2228.06,147.34,32030.59
20220824-0000038,2023-10-08 23:54:31.163,2228.06,149.2,31201.08
20220824-0000039,2023-10-08 23:55:52.165,2224.02,152.99,31599.96
20220824-0000041,2023-10-08 23:57:06.169,2227.05,158.78,31288.65
20220824-0000042,2023-10-08 23:58:22.157,2225.03,137.86,31857.36
20220824-0000043,2023-10-08 23:59:36.164,2225.03,154.62,31739.36
20220824-0000045,2023-10-09 00:02:08.149,2226.04,153.9,31858.27
20220824-0000046,2023-10-09 00:04:55.155,2224.02,164.91,31224.89
20220824-0000047,2023-10-09 00:06:23.148,2226.04,146.34,32053.17
20220824-0000048,2023-10-09 00:07:44.147,2225.03,140.83,31691.01
20220824-0000049,2023-10-09 00:08:57.159,2226.04,141.1,33077.43
20220824-0000049,2023-10-09 00:08:57.159,2226.04,145.47,31502.31
20220824-0000050,2023-10-09 00:10:11.149,2224.02,154.67,31776.78
20220824-0000051,2023-10-09 00:11:24.155,2226.04,133.34,33552.12
20220824-0000051,2023-10-09 00:11:24.155,2226.04,137.46,31954.4
20220824-0000052,2023-10-09 00:12:38.146,2230.08,155.45,31997.1
20220824-0000053,2023-10-09 00:13:51.149,2224.02,140.32,31599.98
20220824-0000054,2023-10-09 00:15:14.569,2226.04,144.92,31599.0
20220824-0000063,2023-10-09 00:16:46.931,2228.06,138.3,30770.28
20220824-0000056,2023-10-09 00:17:19.155,2225.03,167.35,31691.97
20220824-0000058,2023-10-09 00:18:42.162,2226.04,137.63,32020.24
20220824-0000059,2023-10-09 00:19:33.540,2223.01,156.08,31613.46
20220824-0000060,2023-10-09 00:19:39.723,2232.1,173.0,31932.25
20220824-0000061,2023-10-09 00:19:56.146,2226.04,154.7,31902.16
20220824-0000062,2023-10-09 00:21:10.148,2226.04,145.78,29910.71
20220824-0000062,2023-10-09 00:21:10.148,2226.04,141.4,31406.24
20220824-0000064,2023-10-09 00:23:41.142,2232.1,141.4,31504.6
20220824-0000065,2023-10-09 00:24:54.159,2223.01,150.82,31288.43
20220824-0000066,2023-10-09 00:26:10.147,2228.06,152.66,31045.47
20220824-0000067,2023-10-09 00:27:26.145,2225.03,162.87,31998.96
20220824-0000068,2023-10-09 00:28:41.148,2227.05,133.87,31600.11
20220824-0000069,2023-10-09 00:29:55.139,2228.06,155.84,31289.37
20220824-0000070,2023-10-09 00:31:10.147,2227.05,165.2,31600.11
20220824-0000071,2023-10-09 00:31:11.154,2224.02,146.72,31289.37
20220824-0000072,2023-10-09 00:32:24.144,2223.01,155.17,32019.32
20220824-0000074,2023-10-09 00:33:41.140,2227.05,147.2,31856.99
20220824-0000075,2023-10-09 00:34:56.143,2226.04,138.21,31776.46
20220824-0000076,2023-10-09 00:36:11.634,2228.06,148.9,31856.99
20220824-0000078,2023-10-09 00:37:26.644,2227.05,152.99,31599.3
20220824-0000079,2023-10-09 00:38:40.643,2223.01,138.46,31948.76
20220824-0000080,2023-10-09 00:39:54.643,2228.06,159.13,31501.99
20220824-0000081,2023-10-09 00:41:10.643,2228.06,150.77,31948.76
20220824-0000082,2023-10-09 00:42:25.631,2222.0,173.89,29842.99
20220824-0000083,2023-10-09 00:43:40.633,2225.03,144.52,31775.67
20220824-0000084,2023-10-09 00:44:56.641,2228.06,169.35,31170.62
20220824-0000085,2023-10-09 00:46:11.637,2225.03,162.47,33364.46
20220824-0000085,2023-10-09 00:46:11.637,2225.03,167.5,31775.67
20220824-0000086,2023-10-09 00:47:24.634,2224.02,155.33,31170.62
20220824-0000087,2023-10-09 00:48:38.628,2226.04,155.82,30911.6
20220824-0000088,2023-10-09 00:49:53.137,2228.06,150.76,31855.89
20220824-0000089,2023-10-09 00:51:15.131,2227.05,138.64,31288.43
20220824-0000090,2023-10-09 00:52:29.125,2225.03,159.84,32070.77
20220824-0000091,2023-10-09 00:53:42.127,2227.05,158.9,31225.6
20220824-0000092,2023-10-09 00:54:56.127,2226.04,151.71,32070.77
20220824-0000093,2023-10-09 00:56:11.131,2224.02,147.39,31776.35
20220824-0000094,2023-10-09 00:57:26.631,2217.92,133.39,32093.96
20220824-0000094,2023-10-09 00:57:26.631,2229.07,148.21,31776.19
20220824-0000095,2023-10-09 00:58:39.125,2226.04,136.88,31502.91
20220824-0000096,2023-10-09 00:58:40.129,2228.06,162.6,31170.21
20220824-0000097,2023-10-09 00:59:53.127,2225.03,156.31,31502.91
20220824-0000098,2023-10-09 01:01:16.129,2233.11,142.84,33577.62
20220824-0000098,2023-10-09 01:01:16.129,2233.11,147.26,31978.68
20220824-0000099,2023-10-09 01:02:29.134,2228.06,165.94,31586.72
20220824-0000100,2023-10-09 01:03:43.126,2225.03,151.04,31171.2
20220824-0000101,2023-10-09 01:04:57.124,2227.05,143.64,31598.39
20220824-0000102,2023-10-09 01:06:12.127,2224.02,139.61,32598.34
20220824-0000102,2023-10-09 01:06:12.127,2224.02,143.93,31046.04
20220824-0000103,2023-10-09 01:06:13.128,2223.01,150.31,31689.49
20220824-0000104,2023-10-09 01:07:26.128,2225.03,149.48,31933.52
20220824-0000105,2023-10-09 01:07:27.133,2214.91,134.61,32006.39
20220824-0000105,2023-10-09 01:07:27.133,2226.04,149.57,31689.49
20220824-0000106,2023-10-09 01:08:40.124,2223.01,147.16,32016.05
20220824-0000106,2023-10-09 01:08:40.124,2211.89,132.44,32336.21
20220824-0000108,2023-10-09 01:11:11.124,2225.03,151.82,31289.99
20220824-0000109,2023-10-09 01:12:27.928,2226.04,152.32,31775.07
20220824-0000110,2023-10-09 01:13:42.123,2224.02,155.49,31289.99
20220824-0000111,2023-10-09 01:13:43.127,2226.04,138.58,31775.07
20220824-0000112,2023-10-09 01:14:57.132,2223.01,154.72,29670.8
20220824-0000114,2023-10-09 01:17:06.122,2224.02,161.51,31598.06
20220824-0000115,2023-10-09 01:19:13.125,2232.1,168.97,31974.42
20220824-0000116,2023-10-09 01:21:37.611,2225.03,143.04,32003.18
20220824-0000117,2023-10-09 01:21:46.116,2227.05,161.36,31974.42
20220824-0000118,2023-10-09 01:22:59.113,2227.05,147.1,32003.18
20220824-0000119,2023-10-09 01:24:12.613,2224.02,151.47,31689.6
20220824-0000120,2023-10-09 01:25:28.616,2227.05,156.34,31932.87
20220824-0000121,2023-10-09 01:26:42.116,2227.05,134.31,31447.79
20220824-0000122,2023-10-09 01:27:55.622,2211.89,140.65,31713.46
20220824-0000122,2023-10-09 01:27:55.622,2223.01,156.28,31399.46
20220824-0000123,2023-10-09 01:29:12.123,2226.04,155.54,31776.89
20220824-0000124,2023-10-09 01:30:36.623,2227.05,146.05,32003.08
20220824-0000125,2023-10-09 01:32:07.355,2226.04,166.44,31857.74
20220824-0000126,2023-10-09 01:33:03.615,2224.02,146.79,31855.35
20220824-0000127,2023-10-09 01:34:17.109,2225.03,139.45,32064.38
20220824-0000128,2023-10-09 01:35:30.607,2224.02,151.03,32038.54
20220824-0000129,2023-10-09 01:36:44.117,2225.03,155.74,31599.96
20220824-0000130,2023-10-09 01:36:45.104,2231.09,146.21,31932.57
20220824-0000132,2023-10-09 01:37:58.614,2227.05,139.71,31398.06
20220824-0000134,2023-10-09 01:40:24.620,2228.06,155.77,31776.05
20220824-0000136,2023-10-09 02:08:08.602,2231.09,147.37,32086.94
20220824-0000138,2023-10-09 02:11:08.587,2226.04,151.0,31942.56
20220824-0000139,2023-10-09 02:12:25.595,2229.07,148.31,31400.05
20220824-0000140,2023-10-09 02:14:01.097,2225.03,147.14,32083.01
20220824-0000141,2023-10-09 02:15:14.582,2224.02,153.98,31551.52
20220824-0000142,2023-10-09 02:16:34.091,2227.05,139.65,32032.5
20220824-0000143,2023-10-09 02:16:35.498,2233.11,152.32,32083.3
20220824-0000144,2023-10-09 02:17:48.082,2225.03,147.76,31290.3
20220824-0000145,2023-10-09 02:19:09.093,2224.02,153.16,31289.83
20220824-0000146,2023-10-09 02:20:22.080,2224.02,159.65,32003.87
20220824-0000147,2023-10-09 02:20:23.110,2225.03,156.83,31777.36
20220824-0000149,2023-10-09 02:23:03.101,2228.06,140.77,31291.03
20220824-0000150,2023-10-09 02:24:25.085,2228.06,153.3,31289.71
20220824-0000151,2023-10-09 02:26:00.450,2230.08,138.42,32001.31
20220824-0000153,2023-10-09 02:28:05.100,2226.04,177.43,31600.86
20220824-0000154,2023-10-09 02:29:18.576,2227.05,154.9,31502.99
20220824-0000156,2023-10-09 02:32:45.590,2225.03,137.55,31289.23
20220824-0000157,2023-10-09 02:34:40.162,2224.02,144.49,31492.29
20220824-0000158,2023-10-09 02:35:21.085,2223.01,154.08,31600.96
20220824-0000159,2023-10-09 02:36:34.582,2228.06,156.41,31979.19
20220824-0000160,2023-10-09 02:37:48.079,2225.03,157.31,31502.07
20220824-0000161,2023-10-09 02:39:07.071,2225.03,147.87,32058.39
20220824-0000162,2023-10-09 02:40:20.585,2228.06,160.18,31288.19
20220824-0000163,2023-10-09 02:41:34.083,2227.05,145.09,31691.09
20220824-0000164,2023-10-09 02:42:47.574,2225.03,160.42,31932.08
20220824-0000165,2023-10-09 02:44:01.069,2224.02,156.99,31690.58
20220824-0000166,2023-10-09 02:45:14.070,2224.02,133.33,32056.53
20220824-0000167,2023-10-09 02:45:15.077,2225.03,158.67,31775.91
20220824-0000168,2023-10-09 02:46:28.076,2230.08,151.43,31557.8
20220824-0000169,2023-10-09 02:47:41.572,2227.05,149.13,31287.8
20220824-0000170,2023-10-09 02:50:10.572,2223.01,164.88,32109.48
20220824-0000171,2023-10-09 02:51:47.077,2222.0,160.51,31758.11
20220824-0000172,2023-10-09 02:53:50.073,2225.03,152.45,31400.19
20220824-0000172,2023-10-09 02:53:50.073,2213.9,137.2,31714.19
20220824-0000174,2023-10-09 02:55:27.068,2226.04,151.34,32110.47
20220824-0000175,2023-10-09 02:56:46.060,2228.06,137.46,31288.46
20220824-0000176,2023-10-09 02:58:00.090,2226.04,159.16,31856.55
20220824-0000177,2023-10-09 02:59:13.561,2228.06,150.12,31398.77
20220824-0000178,2023-10-09 03:00:34.997,2218.93,140.03,32375.57
20220824-0000178,2023-10-09 03:00:34.997,2230.08,155.59,32055.02
20220824-0000179,2023-10-09 03:01:57.080,2228.06,143.59,31689.76
20220824-0000180,2023-10-09 03:03:37.066,2227.05,165.78,32044.29
20220824-0000182,2023-10-09 03:06:27.570,2226.04,158.13,31996.56
20220824-0000183,2023-10-09 03:07:58.479,2226.04,158.74,31399.23
20220824-0000184,2023-10-09 03:09:36.069,2224.02,157.86,31931.67
20220824-0000185,2023-10-09 03:10:53.059,2223.01,150.24,31668.36
20220824-0000186,2023-10-09 03:12:25.929,2226.04,139.49,31994.51
20220824-0000190,2023-10-09 03:26:33.058,2227.05,167.26,32034.26
20220824-0000191,2023-10-09 03:28:08.705,2223.01,152.3,31857.01
20220824-0000192,2023-10-09 03:28:08.820,2226.04,148.08,31288.46
20220824-0000193,2023-10-09 03:29:34.057,2211.89,133.82,32008.17
20220824-0000193,2023-10-09 03:29:34.057,2223.01,148.69,31691.26
20220824-0000194,2023-10-09 03:30:50.560,2223.01,149.8,31559.11
20220824-0000195,2023-10-09 03:30:51.560,2230.08,165.08,31748.09
20220824-0000197,2023-10-09 03:32:08.555,2227.05,140.61,31990.77
20220824-0000198,2023-10-09 03:33:25.554,2226.04,148.52,31777.33
20220824-0000198,2023-10-09 03:33:25.554,2226.04,144.07,33366.2
20220824-0000200,2023-10-09 03:36:00.054,2226.04,162.6,31813.72
20220824-0000201,2023-10-09 03:37:19.273,2226.04,136.97,31846.26
20220824-0000203,2023-10-09 03:39:53.044,2225.03,159.71,31289.91
20220824-0000205,2023-10-09 03:42:32.559,2227.05,151.51,31172.77
20220824-0000206,2023-10-09 03:44:08.105,2223.01,138.1,31857.83
20220824-0000207,2023-10-09 03:45:26.796,2225.03,164.28,31373.55
20220824-0000208,2023-10-09 03:46:40.380,2222.0,179.64,31503.38
20220824-0000209,2023-10-09 03:52:38.221,2229.07,194.22,31909.99
20220824-0000210,2023-10-09 03:52:55.216,2225.03,136.01,32730.82
20220824-0000210,2023-10-09 03:52:55.216,2225.03,140.21,31172.21
20220824-0000211,2023-10-09 03:54:13.122,2227.05,140.69,31924.95
20220824-0000212,2023-10-09 03:55:40.498,2214.91,133.04,32008.32
20220824-0000212,2023-10-09 03:55:40.498,2226.04,147.82,31691.4
20220824-0000213,2023-10-09 03:56:34.712,2228.06,155.09,32022.81
20220824-0000214,2023-10-09 03:57:48.217,2223.01,164.13,31932.7
20220824-0000215,2023-10-09 03:59:01.716,2229.07,140.79,31929.04
20220824-0000216,2023-10-09 04:00:15.216,2232.1,153.71,6325.85
20220824-0000217,2023-10-09 04:01:28.711,2223.01,153.93,31776.64
20220824-0000218,2023-10-09 04:02:42.205,2225.03,152.29,31552.83
20220824-0000219,2023-10-09 04:03:55.712,2230.08,137.87,31599.73
20220824-0000220,2023-10-09 04:05:08.719,2224.02,161.29,31288.46
20220824-0000223,2023-10-09 04:16:23.213,2229.07,143.32,31997.4
20220824-0000224,2023-10-09 04:18:05.215,2226.04,144.38,31184.7
20220824-0000225,2023-10-09 04:19:25.214,2232.1,168.93,31690.71
20220824-0000226,2023-10-09 04:20:42.708,2223.01,148.05,31932.71
20220824-0000227,2023-10-09 04:22:00.209,2225.03,155.0,32073.28
20220824-0000228,2023-10-09 04:23:17.208,2226.04,158.09,31600.14
20220824-0000230,2023-10-09 04:25:48.197,2226.04,151.56,31778.14
20220824-0000231,2023-10-09 04:27:14.206,2228.06,141.26,31934.35
20220824-0000233,2023-10-09 04:28:58.197,2226.04,151.28,32004.53
20220824-0000234,2023-10-09 04:31:04.701,2224.02,148.73,32061.14
20220824-0000235,2023-10-09 04:32:29.697,2226.04,148.63,31684.58
20220824-0000236,2023-10-09 04:33:43.199,2225.03,153.27,31468.9
20220824-0000237,2023-10-09 04:34:56.704,2225.03,148.67,32074.14
20220824-0000238,2023-10-09 04:36:10.185,2223.01,149.47,32002.15
20220824-0000239,2023-10-09 04:36:11.198,2227.05,149.36,32106.62
20220824-0000241,2023-10-09 04:38:37.189,2227.05,148.05,32051.48
20220824-0000242,2023-10-09 04:39:50.189,2222.0,154.09,31932.51
20220824-0000243,2023-10-09 04:39:51.197,2214.91,139.13,32393.05
20220824-0000243,2023-10-09 04:39:51.197,2226.04,154.59,32072.33
20220824-0000244,2023-10-09 04:41:04.193,2223.01,151.98,31776.19
20220824-0000245,2023-10-09 04:42:18.188,2221.94,128.55,32319.38
20220824-0000245,2023-10-09 04:42:18.188,2233.11,142.83,31999.39
20220824-0000247,2023-10-09 04:44:45.187,2223.01,153.94,31600.52
20220824-0000248,2023-10-09 04:45:58.185,2227.05,158.93,32089.72
20220824-0000249,2023-10-09 04:47:11.187,2227.05,137.31,32154.14
20220824-0000251,2023-10-09 04:48:25.186,2227.05,147.26,31599.71
20220824-0000252,2023-10-09 04:49:39.189,2226.04,155.84,31932.73
20220824-0000253,2023-10-09 04:50:52.193,2223.01,143.22,32065.4
20220824-0000255,2023-10-09 04:53:19.180,2220.94,130.24,32414.01
20220824-0000255,2023-10-09 04:53:19.180,2232.1,144.71,32093.08
20220824-0000256,2023-10-09 04:54:39.183,2227.05,152.29,31599.19
20220824-0000257,2023-10-09 04:55:52.180,2226.04,153.08,32097.3
20220824-0000259,2023-10-09 04:58:40.184,2226.04,154.73,31440.35
20220824-0000260,2023-10-09 04:59:54.177,2224.02,150.31,33528.72
20220824-0000260,2023-10-09 04:59:54.177,2224.02,154.96,31932.11
20220824-0000261,2023-10-09 05:01:07.189,2230.08,151.56,32061.63
20220824-0000262,2023-10-09 05:02:20.193,2226.04,147.73,32086.75
20220824-0000263,2023-10-09 05:02:21.179,2223.01,161.1,32108.55
20220824-0000263,2023-10-09 05:02:21.179,2211.89,144.99,32429.63
20220824-0000264,2023-10-09 05:03:34.188,2228.06,144.47,31398.69
20220824-0000264,2023-10-09 05:03:34.188,2216.92,130.02,31712.68
20220824-0000265,2023-10-09 05:04:48.178,2223.01,151.39,31599.9
20220824-0000266,2023-10-09 05:06:01.179,2225.03,151.38,31289.12
20220824-0000267,2023-10-09 05:07:14.183,2228.06,150.37,32125.02
20220824-0000268,2023-10-09 05:08:28.184,2226.04,156.41,31599.22
20220824-0000269,2023-10-09 05:09:42.177,2227.05,161.46,32096.74
20220824-0000270,2023-10-09 05:10:55.181,2233.11,158.39,31398.34
20220824-0000272,2023-10-09 05:13:28.173,2224.02,139.16,31856.13
20220824-0000273,2023-10-09 05:13:29.181,2227.05,149.03,31502.25
20220824-0000274,2023-10-09 05:14:42.172,2227.05,144.64,31932.98
20220824-0000275,2023-10-09 05:15:59.181,2227.05,141.35,31501.22
20220824-0000276,2023-10-09 05:17:21.187,2225.03,150.71,31501.35
20220824-0000277,2023-10-09 05:18:34.178,2225.03,154.06,31598.02
20220824-0000278,2023-10-09 05:19:51.187,2227.05,147.51,32002.75
20220824-0000279,2023-10-09 05:21:13.173,2223.01,137.9,31598.56
20220824-0000280,2023-10-09 05:22:26.169,2226.04,154.56,31287.01
20220824-0000282,2023-10-09 05:25:05.178,2223.01,138.69,31775.34
20220824-0000283,2023-10-09 05:26:19.174,2226.04,148.26,31599.11
20220824-0000284,2023-10-09 05:27:32.183,2227.05,151.06,31490.27
20220824-0000285,2023-10-09 05:28:53.172,2227.05,143.36,31775.83
20220824-0000286,2023-10-09 05:30:15.176,2223.01,157.37,31690.49
20220824-0000287,2023-10-09 05:31:28.180,2229.07,147.42,31932.41
20220824-0000288,2023-10-09 05:32:56.175,2223.01,150.16,32067.0
20220824-0000288,2023-10-09 05:32:56.175,2223.01,145.65,33670.34
20220824-0000289,2023-10-09 05:35:08.174,2226.04,153.67,31917.75
20220824-0000290,2023-10-09 05:36:31.171,2229.07,144.19,31932.87
20220824-0000291,2023-10-09 05:37:51.169,2224.02,162.12,31599.62
20220824-0000292,2023-10-09 05:39:09.170,2227.05,151.55,31798.32
20220824-0000293,2023-10-09 05:40:26.170,2227.05,147.9,32059.44
20220824-0000294,2023-10-09 05:41:43.172,2226.04,165.8,31776.34
20220824-0000295,2023-10-09 05:43:05.169,2223.01,149.62,31978.68
20220824-0000296,2023-10-09 05:44:43.161,2228.06,150.14,31931.69
20220824-0000297,2023-10-09 05:45:57.162,2226.04,150.64,32053.6
20220824-0000298,2023-10-09 05:47:11.161,2232.1,157.24,31361.02
20220824-0000300,2023-10-09 05:49:38.166,2229.07,153.62,31600.0
20220824-0000302,2023-10-09 05:52:10.160,2224.02,157.19,32080.66
20220824-0000303,2023-10-09 05:53:26.164,2227.05,158.37,31662.6
20220824-0000304,2023-10-09 05:54:48.159,2224.02,137.06,31931.58
20220824-0000305,2023-10-09 05:56:01.167,2225.03,159.28,32002.17
20220824-0000306,2023-10-09 05:56:02.156,2231.09,161.9,32051.12
20220824-0000307,2023-10-09 05:57:18.163,2223.01,148.76,31286.9
20220824-0000307,2023-10-09 05:57:18.163,2223.01,144.29,32851.24
20220824-0000308,2023-10-09 05:57:19.151,2224.02,165.19,31690.58
20220824-0000309,2023-10-09 05:58:40.156,2226.04,148.56,31775.82
20220824-0000309,2023-10-09 05:58:40.156,2226.04,144.1,33364.61
20220824-0000310,2023-10-09 05:59:54.166,2223.01,145.17,32036.95
20220824-0000311,2023-10-09 06:01:08.146,2226.04,154.77,31289.0
20220824-0000313,2023-10-09 06:03:41.163,2226.04,171.33,31933.39
20220824-0000314,2023-10-09 06:04:58.155,2223.01,150.3,32000.16
20220824-0000315,2023-10-09 06:06:12.157,2226.04,152.55,31599.73
20220824-0000317,2023-10-09 06:09:10.157,2226.04,140.67,31287.97
20220824-0000319,2023-10-09 06:12:01.148,2228.06,156.22,33597.82
20220824-0000319,2023-10-09 06:12:01.148,2228.06,161.05,31997.92
20220824-0000320,2023-10-09 06:13:30.142,2222.0,154.36,31417.47
20220824-0000321,2023-10-09 06:13:31.157,2226.04,144.08,31500.57
20220824-0000322,2023-10-09 06:14:44.156,2230.08,156.11,32038.72
20220824-0000324,2023-10-09 06:17:23.146,2227.05,165.36,31856.54
20220824-0000325,2023-10-09 06:18:45.154,2225.03,161.46,31650.92
20220824-0000325,2023-10-09 06:18:45.154,2225.03,156.61,33233.47
20220824-0000326,2023-10-09 06:19:58.149,2226.04,148.26,32034.61
20220824-0000328,2023-10-09 06:22:35.149,2232.1,154.06,31777.68
20220824-0000329,2023-10-09 06:29:02.147,2225.03,155.06,31597.88
20220824-0000330,2023-10-09 06:30:15.135,2227.05,142.91,32002.92
20220824-0000331,2023-10-09 06:30:16.150,2227.05,144.94,32049.11
20220824-0000333,2023-10-09 06:32:50.144,2225.03,144.09,31924.11
20220824-0000334,2023-10-09 06:34:12.140,2226.04,159.47,31777.3
20220824-0000337,2023-10-09 06:42:29.078,2228.06,153.3,31743.94
20220824-0000338,2023-10-09 06:42:40.090,2226.04,154.08,31528.92
20220824-0000339,2023-10-09 06:44:02.087,2225.03,146.92,31933.22
20220824-0000340,2023-10-09 06:45:15.577,2226.04,147.53,32000.59
20220824-0000340,2023-10-09 06:45:15.577,2226.04,143.1,33600.62
20220824-0000341,2023-10-09 06:46:29.077,2232.1,162.12,31599.68
20220824-0000342,2023-10-09 06:47:42.582,2225.03,147.43,31932.1
20220824-0000343,2023-10-09 06:48:55.586,2224.02,163.77,31287.65
20220824-0000344,2023-10-09 06:48:56.586,2226.04,165.8,32040.42
20220824-0000345,2023-10-09 06:50:44.579,2226.04,151.85,31502.52
20220824-0000347,2023-10-09 06:53:56.583,2227.05,158.18,31690.09
20220824-0000348,2023-10-09 06:55:16.588,2227.05,155.04,31615.94
20220824-0000349,2023-10-09 06:56:33.580,2227.05,155.26,31691.59
20220824-0000350,2023-10-09 06:57:51.590,2227.05,150.24,32079.18
20220824-0000351,2023-10-09 06:59:08.587,2224.02,136.07,31542.77
20220824-0000354,2023-10-09 07:01:43.082,2228.06,158.52,31691.01
20220824-0000356,2023-10-09 07:04:18.070,2225.03,156.78,31502.66
20220824-0000356,2023-10-09 07:04:18.070,2225.03,152.08,33077.79
20220824-0000358,2023-10-09 07:05:36.069,2225.03,141.81,31171.82
20220825-0000005,2023-10-09 23:06:18.395,2223.01,153.85,31699.2
20220825-0000006,2023-10-09 23:07:55.400,2226.04,152.31,31995.92
20220825-0000007,2023-10-09 23:09:12.396,2228.06,149.28,32009.93
20220825-0000008,2023-10-09 23:10:28.899,2227.05,145.62,31782.4
20220825-0000009,2023-10-09 23:11:46.387,2226.04,143.42,31574.83
20220825-0000010,2023-10-09 23:12:59.895,2228.06,146.16,31479.4
20220825-0000011,2023-10-09 23:14:18.394,2225.03,149.23,31775.7
20220825-0000012,2023-10-09 23:15:53.151,2225.03,167.01,32023.34
20220825-0000013,2023-10-09 23:17:01.399,2227.05,150.83,32004.8
20220825-0000014,2023-10-09 23:18:21.405,2226.04,155.18,31870.39
20220825-0000015,2023-10-09 23:19:38.894,2215.91,131.08,31920.28
20220825-0000015,2023-10-09 23:19:38.894,2227.05,145.64,31604.24
20220825-0000017,2023-10-09 23:21:00.392,2230.08,140.6,32003.24
20220825-0000018,2023-10-09 23:22:27.950,2232.1,139.94,32070.1
20220825-0000019,2023-10-09 23:23:38.397,2228.06,147.1,31602.16
20220825-0000020,2023-10-09 23:24:59.386,2226.04,140.55,32067.82
20220825-0000021,2023-10-09 23:26:12.400,2227.05,152.79,31505.06
20220825-0000022,2023-10-09 23:27:29.398,2229.07,138.84,33668.27
20220825-0000022,2023-10-09 23:27:29.398,2229.07,143.13,32065.02
20220825-0000023,2023-10-09 23:28:51.890,2217.92,140.98,31485.91
20220825-0000023,2023-10-09 23:28:51.890,2229.07,156.65,31174.17
20220825-0000025,2023-10-09 23:31:19.400,2226.04,151.73,32004.22
20220825-0000027,2023-10-09 23:32:33.390,2226.04,150.3,31878.09
20220825-0000028,2023-10-09 23:33:50.398,2232.1,157.31,31857.78
20220825-0000029,2023-10-09 23:35:03.390,2223.01,140.67,33661.53
20220825-0000029,2023-10-09 23:35:03.390,2223.01,145.02,32058.6
20220825-0000030,2023-10-09 23:36:44.392,2211.89,129.36,32432.76
20220825-0000030,2023-10-09 23:36:44.392,2223.01,143.74,32111.64
20220825-0000031,2023-10-09 23:37:57.384,2226.04,145.55,31858.35
20220825-0000032,2023-10-09 23:39:13.885,2232.1,158.18,32067.28
20220825-0000033,2023-10-09 23:40:34.885,2227.05,140.42,31700.49
20220825-0000034,2023-10-09 23:41:48.889,2227.05,157.98,31564.74
20220825-0000035,2023-10-09 23:43:10.887,2227.05,134.97,32063.96
20220825-0000036,2023-10-09 23:44:24.884,2225.03,149.07,31502.97
20220825-0000037,2023-10-09 23:45:37.891,2225.03,153.51,31691.21
20220825-0000038,2023-10-09 23:46:51.891,2227.05,148.9,31289.45
20220825-0000039,2023-10-09 23:48:05.385,2226.04,155.24,31573.45
20220825-0000040,2023-10-09 23:49:18.381,2224.02,159.08,31932.68
20220825-0000041,2023-10-09 23:50:32.509,2225.03,160.3,32042.36
20220825-0000043,2023-10-09 23:51:46.386,2223.01,146.63,31400.47
20220825-0000045,2023-10-09 23:55:36.383,2227.05,162.89,31400.74
20220825-0000046,2023-10-09 23:57:53.868,2223.01,145.06,31857.69
20220825-0000047,2023-10-09 23:57:54.873,2227.05,158.65,31859.66
20220825-0000049,2023-10-10 00:00:21.870,2226.04,173.04,32044.7
20220825-0000050,2023-10-10 00:01:08.879,2227.05,149.29,31291.28
20220825-0000052,2023-10-10 00:03:40.378,2227.05,139.04,31996.52
20220825-0000053,2023-10-10 00:04:53.379,2227.05,138.19,32002.36
20220825-0000053,2023-10-10 00:04:53.379,2215.91,124.38,32322.38
20220825-0000054,2023-10-10 00:04:54.381,2231.09,153.53,31877.9
20220825-0000056,2023-10-10 00:07:20.373,2231.09,156.03,31600.15
20220825-0000058,2023-10-10 00:09:55.372,2226.04,149.57,31689.81
20220825-0000059,2023-10-10 00:11:17.376,2226.04,145.57,31776.86
20220825-0000060,2023-10-10 00:12:30.365,2226.04,154.98,31995.19
20220825-0000062,2023-10-10 00:13:44.373,2227.05,152.33,31398.6
20220825-0000063,2023-10-10 00:14:57.370,2225.03,134.72,31949.87
20220825-0000066,2023-10-10 00:21:26.875,2232.1,152.61,31599.21
20220825-0000068,2023-10-10 00:24:22.367,2223.01,168.52,31173.43
20220825-0000069,2023-10-10 00:25:36.368,2224.02,155.57,31290.18
20220825-0000070,2023-10-10 00:26:49.366,2225.03,144.5,31496.57
20220825-0000071,2023-10-10 00:27:14.353,2225.03,150.96,31721.2
20220825-0000072,2023-10-10 00:29:22.362,2226.04,147.78,31691.2
20220825-0000074,2023-10-10 00:31:49.358,2227.05,137.44,31503.81
20220825-0000076,2023-10-10 00:34:18.358,2227.05,161.81,31290.27
20220825-0000077,2023-10-10 00:35:31.862,2231.09,151.27,31932.49
20220825-0000079,2023-10-10 00:39:56.856,2231.09,158.83,33467.56
20220825-0000079,2023-10-10 00:39:56.856,2231.09,163.74,31873.86
20220825-0000080,2023-10-10 00:41:18.861,2226.04,149.26,31776.89
20220825-0000081,2023-10-10 00:43:02.182,2226.04,154.67,31993.25
20220825-0000082,2023-10-10 00:44:07.871,2232.1,146.87,31997.51
20220825-0000083,2023-10-10 00:45:20.852,2226.04,155.01,31173.62
20220825-0000084,2023-10-10 00:45:21.851,2226.04,140.25,31688.66
20220825-0000085,2023-10-10 00:46:34.844,2224.02,159.3,31749.48
20220825-0000086,2023-10-10 00:47:47.852,2223.01,153.79,31599.81
20220825-0000087,2023-10-10 00:49:01.344,2223.01,143.86,32029.83
20220825-0000089,2023-10-10 00:51:29.354,2228.06,162.45,31303.53
20220825-0000090,2023-10-10 00:52:42.354,2222.0,141.11,31933.31
20220825-0000091,2023-10-10 00:54:04.348,2226.04,151.6,32037.88
20220825-0000092,2023-10-10 00:55:17.352,2227.05,152.2,31997.7
20220825-0000093,2023-10-10 00:56:30.344,2226.04,150.63,31503.84
20220825-0000093,2023-10-10 00:56:30.344,2214.91,135.56,31818.88
20220825-0000094,2023-10-10 00:56:33.936,2226.04,141.87,32047.24
20220825-0000095,2023-10-10 00:57:44.851,2232.1,164.38,31985.14
20220825-0000096,2023-10-10 00:59:05.844,2225.03,171.87,32048.72
20220825-0000097,2023-10-10 01:00:22.846,2228.06,157.18,31501.66
20220825-0000099,2023-10-10 01:02:57.841,2227.05,145.35,31690.8
20220825-0000101,2023-10-10 01:05:33.345,2225.03,150.41,31171.69
20220825-0000102,2023-10-10 01:06:50.344,2227.05,142.23,32058.8
20220825-0000103,2023-10-10 01:08:08.346,2224.02,134.68,31715.29
20220825-0000104,2023-10-10 01:09:25.842,2214.91,141.71,31713.46
20220825-0000104,2023-10-10 01:09:25.842,2226.04,157.46,31399.46
20220825-0000105,2023-10-10 01:10:38.837,2226.04,159.03,31777.58
20220825-0000106,2023-10-10 01:11:53.846,2226.04,136.06,28150.04
20220825-0000107,2023-10-10 01:13:06.846,2223.01,153.98,31399.05
20220825-0000108,2023-10-10 01:13:07.838,2226.04,149.44,31692.41
20220825-0000109,2023-10-10 01:14:31.841,2222.0,161.33,31986.45
20220825-0000110,2023-10-10 01:15:49.446,2225.03,157.06,31502.53
20220825-0000111,2023-10-10 01:17:10.349,2225.03,144.46,31928.77
20220825-0000112,2023-10-10 01:18:35.337,2226.04,141.38,33274.94
20220825-0000112,2023-10-10 01:18:35.337,2226.04,145.75,31690.42
20220825-0000114,2023-10-10 01:21:10.344,2225.03,166.07,31187.35
20220825-0000115,2023-10-10 01:22:25.834,2225.03,147.39,31599.21
20220825-0000116,2023-10-10 01:23:39.829,2224.02,154.19,31923.13
20220825-0000117,2023-10-10 01:24:57.828,2231.09,145.53,32076.95
20220825-0000119,2023-10-10 01:26:43.012,2232.1,147.46,31502.55
20220825-0000120,2023-10-10 01:27:26.338,2231.09,142.7,32009.71
20220825-0000121,2023-10-10 01:28:39.331,2224.02,146.65,31502.91
20220825-0000122,2023-10-10 01:29:52.834,2232.1,138.17,32852.68
20220825-0000122,2023-10-10 01:29:52.834,2232.1,142.44,31288.27
20220825-0000123,2023-10-10 01:31:05.843,2227.05,149.77,32003.29
20220825-0000123,2023-10-10 01:31:05.843,2215.91,134.79,32323.32
20220825-0000125,2023-10-10 01:34:01.835,2232.1,149.43,32067.31
20220825-0000125,2023-10-10 01:34:01.835,2220.94,134.49,32387.98
20220825-0000128,2023-10-10 01:37:53.831,2224.02,159.73,31457.21
20220825-0000131,2023-10-10 01:58:49.812,2226.04,130.93,31290.19
20220825-0000132,2023-10-10 01:58:50.818,2225.03,153.77,31996.99
20220825-0000133,2023-10-10 02:00:29.821,2225.03,149.09,31881.88
20220825-0000134,2023-10-10 02:01:49.835,2231.09,142.79,31663.8
20220825-0000135,2023-10-10 02:03:13.149,2227.05,133.24,31364.75
20220825-0000137,2023-10-10 02:05:53.813,2230.08,166.48,31602.25
20220825-0000139,2023-10-10 02:08:20.313,2225.03,151.08,31505.23
20220825-0000140,2023-10-10 02:09:45.314,2230.08,158.88,31778.36
20220825-0000141,2023-10-10 02:11:07.318,2230.08,154.54,32056.11
20220825-0000142,2023-10-10 02:12:21.326,2225.03,161.22,32068.19
20220825-0000143,2023-10-10 02:13:42.319,2232.1,160.67,31601.2
20220825-0000143,2023-10-10 02:13:42.319,2220.94,144.61,31917.21
20220825-0000144,2023-10-10 02:14:55.319,2227.05,155.03,32078.85
20220825-0000145,2023-10-10 02:16:17.322,2226.04,156.31,31289.75
20220825-0000146,2023-10-10 02:17:30.313,2233.11,144.45,31503.21
20220825-0000147,2023-10-10 02:18:43.809,2227.05,158.76,31857.31
20220825-0000148,2023-10-10 02:19:57.814,2227.05,151.13,31692.46
20220825-0000149,2023-10-10 02:21:10.812,2226.04,130.59,31777.6
20220825-0000150,2023-10-10 02:22:24.817,2226.04,140.74,33654.79
20220825-0000150,2023-10-10 02:22:24.817,2226.04,145.1,32052.18
20220825-0000151,2023-10-10 02:23:42.765,2227.05,159.06,31601.07
20220825-0000152,2023-10-10 02:24:52.311,2224.02,162.96,31691.05
20220825-0000153,2023-10-10 02:26:05.324,2226.04,164.61,32017.93
20220825-0000154,2023-10-10 02:27:19.311,2225.03,163.88,31171.42
20220825-0000156,2023-10-10 02:29:46.307,2226.04,177.96,32015.99
20220825-0000157,2023-10-10 02:30:58.803,2223.01,133.66,31399.09
20220825-0000162,2023-10-10 02:43:30.301,2232.1,149.73,31776.3
20220825-0000163,2023-10-10 02:45:43.305,2225.03,144.19,31269.76
20220825-0000164,2023-10-10 02:46:57.296,2223.01,162.17,31399.29
20220825-0000167,2023-10-10 02:51:11.987,2226.04,149.84,31778.15
20220825-0000169,2023-10-10 02:53:27.303,2223.01,163.14,32007.22
20220825-0000172,2023-10-10 02:57:14.788,2225.03,149.93,31778.01
20220825-0000173,2023-10-10 02:58:37.287,2230.08,154.58,31723.58
20220825-0000174,2023-10-10 02:59:50.780,2227.05,134.85,30913.72
20220825-0000176,2023-10-10 03:02:17.784,2223.01,162.22,29913.28
20220825-0000177,2023-10-10 03:03:31.283,2224.02,153.08,31691.46
20220825-0000178,2023-10-10 03:04:44.795,2223.01,162.44,31171.69
20220825-0000179,2023-10-10 03:06:25.291,2212.9,139.58,32094.85
20220825-0000179,2023-10-10 03:06:25.291,2224.02,155.09,31777.08
20220825-0000180,2023-10-10 03:06:26.286,2227.05,156.18,31929.26
20220825-0000181,2023-10-10 03:07:39.278,2226.04,143.08,32000.95
20220825-0000182,2023-10-10 03:08:52.287,2227.05,160.99,31857.51
20220825-0000184,2023-10-10 03:11:37.781,2225.03,147.06,31399.68
20220825-0000185,2023-10-10 03:12:51.283,2225.03,150.78,31185.17
20220825-0000185,2023-10-10 03:12:51.283,2225.03,146.26,32744.43
20220825-0000186,2023-10-10 03:14:04.791,2223.01,154.62,31933.6
20220825-0000187,2023-10-10 03:15:20.781,2226.04,148.97,32015.77
20220825-0000188,2023-10-10 03:16:34.296,2226.04,148.72,31502.83
20220825-0000189,2023-10-10 03:17:47.776,2226.04,158.15,31399.29
20220825-0000190,2023-10-10 03:17:48.780,2226.04,149.03,31933.0
20220825-0000192,2023-10-10 03:20:14.775,2226.04,134.66,31932.4
20220825-0000192,2023-10-10 03:20:14.775,2214.91,121.19,32251.72
20220825-0000194,2023-10-10 03:21:28.786,2226.04,144.77,31287.72
20220825-0000195,2023-10-10 03:22:43.771,2227.05,138.12,31599.46
20220825-0000196,2023-10-10 03:23:54.777,2231.09,145.1,31501.82
20220825-0000197,2023-10-10 03:23:55.780,2225.03,150.04,31287.64
20220825-0000198,2023-10-10 03:25:08.770,2228.06,159.31,31501.65
20220825-0000199,2023-10-10 03:26:22.797,2231.09,150.03,32040.85
20220825-0000200,2023-10-10 03:27:35.783,2223.01,159.1,31856.69
20220825-0000201,2023-10-10 03:28:57.781,2231.09,157.14,31995.62
20220825-0000203,2023-10-10 03:31:35.786,2227.05,156.4,28148.92
20220825-0000204,2023-10-10 03:32:48.788,2228.06,142.41,32004.06
20220825-0000205,2023-10-10 03:34:05.776,2226.04,151.8,31599.65
20220825-0000207,2023-10-10 03:35:23.792,2225.03,140.61,31995.68
20220825-0000208,2023-10-10 03:36:39.769,2215.91,135.15,32007.06
20220825-0000208,2023-10-10 03:36:39.769,2227.05,150.17,31690.15
20220825-0000210,2023-10-10 03:37:57.787,2227.05,155.68,31690.49
20220825-0000211,2023-10-10 03:39:14.773,2224.02,148.45,31931.29
20220825-0000212,2023-10-10 03:39:15.779,2227.05,145.49,31475.29
20220825-0000212,2023-10-10 03:39:15.779,2227.05,141.13,33049.06
20220825-0000213,2023-10-10 03:40:33.286,2223.01,162.73,31993.56
20220825-0000214,2023-10-10 03:41:50.269,2223.01,143.96,31288.52
20220825-0000215,2023-10-10 03:44:02.282,2227.05,144.62,31253.27
20220825-0000216,2023-10-10 03:45:24.280,2223.01,147.08,31856.33
20220825-0000217,2023-10-10 03:46:49.941,2223.01,138.29,31989.34
20220825-0000218,2023-10-10 03:47:51.269,2225.03,142.7,31990.69
20220825-0000220,2023-10-10 03:50:29.769,2225.03,153.64,31287.72
20220825-0000222,2023-10-10 03:53:03.776,2229.07,159.3,31931.58
20220825-0000223,2023-10-10 03:54:24.782,2228.06,160.05,31889.25
20220825-0000225,2023-10-10 03:56:59.777,2229.07,154.16,31500.92
20220825-0000226,2023-10-10 03:58:13.772,2225.03,155.32,31463.65
20220825-0000227,2023-10-10 03:59:35.773,2227.05,150.75,31287.57
20220825-0000228,2023-10-10 04:00:49.268,2227.05,156.72,32048.44
20220825-0000229,2023-10-10 04:02:05.264,2225.03,151.37,31997.98
20220825-0000230,2023-10-10 04:03:18.264,2226.04,163.69,31501.35
20220825-0000231,2023-10-10 04:03:19.271,2227.05,162.37,32111.18
20220825-0000232,2023-10-10 04:04:32.257,2225.03,166.76,31825.4
20220825-0000233,2023-10-10 04:05:57.259,2223.01,148.65,31968.76
20220825-0000234,2023-10-10 04:07:18.766,2231.09,162.37,31856.92
20220825-0000235,2023-10-10 04:07:19.768,2228.06,136.96,31399.2
20220825-0000237,2023-10-10 04:09:53.753,2213.9,117.88,32388.32
20220825-0000237,2023-10-10 04:09:53.753,2225.03,130.98,32067.64
20220825-0000238,2023-10-10 04:11:07.760,2231.09,153.72,32062.48
20220825-0000239,2023-10-10 04:12:28.760,2228.06,140.78,31501.35
20220825-0000240,2023-10-10 04:13:41.760,2227.05,146.98,31931.2
20220825-0000240,2023-10-10 04:13:41.760,2227.05,142.57,33527.76
20220825-0000241,2023-10-10 04:13:42.758,2226.04,157.17,31932.07
20220825-0000242,2023-10-10 04:15:03.766,2223.01,161.3,31856.69
20220825-0000244,2023-10-10 04:17:37.757,2228.06,161.65,33377.35
20220825-0000244,2023-10-10 04:17:37.757,2228.06,166.65,31787.95
20220825-0000246,2023-10-10 04:18:51.760,2227.05,152.92,32102.34
20220825-0000247,2023-10-10 04:20:13.247,2225.03,162.26,31928.88
20220825-0000248,2023-10-10 04:21:26.251,2227.05,186.7,31397.44
20220825-0000250,2023-10-10 04:23:53.262,2229.07,160.56,32136.24
20220825-0000251,2023-10-10 04:23:54.261,2223.01,158.76,32005.23
20220825-0000252,2023-10-10 04:25:07.247,2223.01,152.51,32127.94
20220825-0000253,2023-10-10 04:26:20.244,2227.05,144.74,31570.33
20220825-0000254,2023-10-10 04:27:33.252,2228.06,147.54,32069.99
20220825-0000256,2023-10-10 04:30:00.254,2233.11,152.54,32172.27
20220825-0000257,2023-10-10 04:30:01.239,2229.07,156.1,32128.15
20220825-0000258,2023-10-10 04:31:27.000,2226.04,144.39,32069.9
20220825-0000259,2023-10-10 04:32:28.245,2231.09,155.69,31787.22
20220825-0000261,2023-10-10 04:43:28.746,2227.05,155.86,32037.96
20220825-0000262,2023-10-10 04:44:42.245,2226.04,148.78,31688.72
20220825-0000263,2023-10-10 04:45:55.756,2230.08,149.2,31598.88
20220825-0000264,2023-10-10 04:47:08.735,2227.05,142.42,31691.91
20220825-0000266,2023-10-10 04:48:22.750,2226.04,149.23,33210.3
20220825-0000266,2023-10-10 04:48:22.750,2226.04,153.84,31628.86
20220825-0000267,2023-10-10 04:49:36.752,2226.04,153.11,32088.3
20220825-0000268,2023-10-10 04:50:49.743,2227.05,144.13,31499.86
20220825-0000269,2023-10-10 04:52:02.750,2227.05,149.55,32101.35
20220825-0000274,2023-10-10 05:11:24.242,2227.05,162.37,31583.85
20220825-0000275,2023-10-10 05:14:06.233,2223.01,166.09,31287.48
20220825-0000276,2023-10-10 05:14:18.242,2223.01,148.13,31854.67
20220825-0000277,2023-10-10 05:16:04.719,2228.06,156.4,31397.93
20220825-0000278,2023-10-10 05:17:17.732,2224.02,135.57,31502.48
20220825-0000279,2023-10-10 05:18:37.579,2231.09,152.57,31561.68
20220825-0000280,2023-10-10 05:19:52.724,2229.07,153.67,32110.71
20220825-0000281,2023-10-10 05:21:18.224,2232.1,153.99,31598.89
20220825-0000281,2023-10-10 05:21:18.224,2232.1,149.37,33178.84
20220825-0000282,2023-10-10 05:22:31.734,2225.03,152.55,31489.12
20220825-0000283,2023-10-10 05:23:47.231,2223.01,168.25,32068.07
20220825-0000284,2023-10-10 05:23:48.234,2224.02,144.56,31598.12
20220825-0000285,2023-10-10 05:25:06.226,2227.05,147.32,31856.69
20220825-0000286,2023-10-10 05:26:23.235,2226.04,147.62,31397.16
20220825-0000288,2023-10-10 05:28:57.227,2226.04,141.21,31930.74
20220825-0000289,2023-10-10 05:30:15.231,2227.05,149.31,31398.6
20220825-0000290,2023-10-10 05:31:32.224,2223.01,157.76,32121.98
20220825-0000291,2023-10-10 05:32:49.226,2227.05,141.26,31856.82
20220825-0000292,2023-10-10 05:34:06.233,2223.01,174.63,31291.84
20220825-0000293,2023-10-10 05:34:07.215,2224.02,158.02,32111.44
20220825-0000294,2023-10-10 05:35:24.237,2225.03,151.59,31724.04
20220825-0000295,2023-10-10 05:36:41.220,2233.11,143.57,31932.9
20220825-0000296,2023-10-10 05:36:42.223,2226.04,155.82,31779.13
20220825-0000297,2023-10-10 05:37:59.233,2225.03,144.61,32068.81
20220825-0000299,2023-10-10 05:39:13.226,2233.11,153.4,31600.9
20220825-0000300,2023-10-10 05:40:31.224,2229.07,142.34,31776.87
20220825-0000302,2023-10-10 05:43:19.861,2225.03,155.76,31932.51
20220825-0000303,2023-10-10 05:44:23.218,2226.04,151.87,31384.05
20220825-0000304,2023-10-10 05:45:41.217,2229.07,158.99,31932.51
20220825-0000305,2023-10-10 05:46:59.462,2227.05,164.49,31776.6
20220825-0000306,2023-10-10 05:48:15.224,2227.05,156.54,32109.46
20220825-0000308,2023-10-10 05:50:48.227,2227.05,151.38,32106.83
20220825-0000309,2023-10-10 05:52:02.143,2227.05,138.26,31171.05
20220825-0000309,2023-10-10 05:52:02.143,2227.05,134.11,32729.6
20220825-0000310,2023-10-10 05:53:14.722,2226.04,153.55,31565.39
20220825-0000311,2023-10-10 05:54:36.713,2226.04,130.35,31501.96
20220825-0000312,2023-10-10 05:56:00.701,2226.04,162.56,32059.91
20220825-0000313,2023-10-10 05:57:14.717,2229.07,161.67,31443.43
20220825-0000314,2023-10-10 05:58:36.709,2226.04,148.13,31776.05
20220825-0000315,2023-10-10 05:59:50.712,2223.01,157.73,31856.69
20220825-0000317,2023-10-10 06:02:16.708,2228.06,152.0,31855.87
20220825-0000318,2023-10-10 06:03:07.700,2227.05,150.26,31398.08
20220825-0000320,2023-10-10 06:06:28.721,2231.09,151.31,31691.16
20220825-0000321,2023-10-10 06:07:41.715,2227.05,153.21,32061.68
20220825-0000323,2023-10-10 06:10:09.208,2233.11,155.78,31855.89
20220825-0000324,2023-10-10 06:13:49.699,2227.05,148.53,31258.9
20220825-0000325,2023-10-10 06:15:03.213,2231.09,157.55,31927.68
20220825-0000326,2023-10-10 06:16:16.697,2222.0,156.79,31396.23
20220825-0000327,2023-10-10 06:17:29.714,2228.06,135.52,31933.06
20220825-0000328,2023-10-10 06:17:30.701,2228.06,172.68,31398.72
20220825-0000329,2023-10-10 06:18:43.699,2224.02,161.14,32045.99
20220825-0000330,2023-10-10 06:19:56.696,2228.06,136.51,31857.18
20220825-0000334,2023-10-10 06:28:53.689,2214.91,133.87,31601.34
20220825-0000334,2023-10-10 06:28:53.689,2226.04,148.74,31288.46
20220825-0000335,2023-10-10 06:30:56.702,2224.02,144.95,31383.05
20220825-0000336,2023-10-10 06:32:10.703,2226.04,154.78,31841.21
20220825-0000337,2023-10-10 06:33:23.694,2223.01,145.06,31599.25
20220825-0000338,2023-10-10 06:34:37.698,2223.01,154.95,31943.92
20220825-0000340,2023-10-10 06:37:04.693,2225.03,139.67,31690.03
20220825-0000342,2023-10-10 06:38:18.702,2225.03,143.59,31931.56
20220825-0000344,2023-10-10 06:40:44.702,2223.01,147.83,31805.78
20220825-0000345,2023-10-10 06:41:58.694,2226.04,141.22,31170.53
20220825-0000346,2023-10-10 06:43:12.688,2232.1,162.26,31429.24
20220825-0000347,2023-10-10 06:44:25.695,2232.1,143.17,31254.45
20220825-0000348,2023-10-10 06:45:39.687,2225.03,140.1,31501.71
20220825-0000349,2023-10-10 06:46:52.690,2225.03,164.53,31856.06
20220825-0000350,2023-10-10 06:48:05.698,2224.02,148.42,32044.79
20220825-0000351,2023-10-10 06:49:19.694,2226.04,146.41,31397.07
20220825-0000352,2023-10-10 06:50:32.693,2227.05,134.26,31689.41
20220825-0000353,2023-10-10 06:51:46.183,2223.01,141.83,32029.44
20220825-0000354,2023-10-10 06:52:59.692,2214.91,134.79,32174.53
20220825-0000354,2023-10-10 06:52:59.692,2226.04,149.76,31855.97
20220825-0000356,2023-10-10 06:54:13.690,2227.05,141.32,31342.49
20220825-0000357,2023-10-10 06:55:26.696,2227.05,144.78,31625.94
20220825-0000358,2023-10-10 06:56:39.689,2231.09,147.48,31289.06
20220825-0000359,2023-10-10 06:57:53.693,2226.04,153.52,31501.77
20220825-0000362,2023-10-10 07:08:10.685,2224.02,152.98,31601.07
20220825-0000362,2023-10-10 07:08:10.685,2224.02,148.39,33181.12
20220825-0000363,2023-10-10 07:09:24.688,2226.04,154.79,31856.54
20220825-0000364,2023-10-10 07:10:37.677,2231.09,158.02,31997.07
20220825-0000365,2023-10-10 07:11:50.690,2224.02,141.1,31987.77
20220825-0000366,2023-10-10 07:17:28.058,2226.04,152.04,31501.62
20220825-0000368,2023-10-10 07:17:29.598,2224.02,148.44,31598.83
20220825-0000370,2023-10-10 07:22:02.305,2226.04,152.32,32042.55
20220825-0000372,2023-10-10 07:23:09.670,2231.09,153.26,31598.95
20220825-0000373,2023-10-10 07:24:22.670,2228.06,156.65,31862.39
20220825-0000374,2023-10-10 07:25:40.670,2223.01,147.8,31957.14
20220825-0000375,2023-10-10 07:27:19.682,2226.04,147.47,31479.51
20220825-0000376,2023-10-10 07:28:55.675,2225.03,160.0,31399.31
20220825-0000377,2023-10-10 07:30:08.674,2215.91,126.44,31922.42
20220825-0000377,2023-10-10 07:30:08.674,2227.05,140.49,31606.36
20220825-0000378,2023-10-10 07:31:29.680,2232.1,154.91,31499.41
20220825-0000379,2023-10-10 07:32:43.663,2232.1,142.99,31888.41
20220825-0000380,2023-10-10 07:33:56.672,2224.02,145.67,31774.92
20220825-0000382,2023-10-10 07:36:23.670,2227.05,140.08,31598.97
20220825-0000383,2023-10-10 07:37:36.662,2224.02,140.63,31398.14
20220825-0000384,2023-10-10 07:37:37.668,2223.01,171.8,32001.77
20220825-0000386,2023-10-10 07:40:03.664,2233.11,154.68,31169.83
20220825-0000387,2023-10-10 07:41:25.170,2224.02,139.17,31506.65
20220825-0000388,2023-10-10 07:42:38.174,2230.08,154.2,31774.81
20220825-0000389,2023-10-10 07:42:39.177,2226.04,148.62,31598.47
20220825-0000390,2023-10-10 07:43:52.791,2226.04,138.96,32042.36
20220825-0000391,2023-10-10 07:45:11.174,2226.04,138.83,31359.6
20220825-0000392,2023-10-10 07:46:33.166,2233.11,151.01,33590.87
20220825-0000392,2023-10-10 07:46:33.166,2233.11,155.68,31991.31
20220825-0000393,2023-10-10 07:47:46.171,2225.03,156.36,31774.95
20220825-0000394,2023-10-10 07:49:01.673,2224.02,139.44,31572.06
20220825-0000395,2023-10-10 07:50:23.168,2227.05,159.75,31502.78
20220825-0000397,2023-10-10 07:51:37.178,2227.05,161.95,31585.59
20220825-0000399,2023-10-10 07:54:09.170,2225.03,145.42,31997.32
20220825-0000401,2023-10-10 07:55:31.662,2227.05,152.97,31990.11
20220825-0000402,2023-10-10 07:56:44.669,2224.02,150.49,32018.56
20220825-0000403,2023-10-10 07:57:57.669,2225.03,137.28,31855.98
20220825-0000404,2023-10-10 07:59:17.656,2230.08,153.45,31999.31
20220825-0000406,2023-10-10 08:00:39.652,2223.01,149.05,31958.09
20220825-0000408,2023-10-10 08:01:52.663,2229.07,146.5,31500.42
20220825-0000409,2023-10-10 08:03:05.666,2225.03,148.3,32044.68
20220825-0000410,2023-10-10 08:03:31.660,2224.02,148.01,31493.91
20220825-0000411,2023-10-10 08:04:53.655,2229.07,151.76,31940.05
20220825-0000412,2023-10-10 08:06:16.657,2224.02,150.09,31597.55
20220825-0000413,2023-10-10 08:07:29.650,2226.04,154.54,31890.47
20220825-0000415,2023-10-10 08:10:06.659,2226.04,149.64,31501.3
20220825-0000417,2023-10-10 08:12:33.653,2226.04,154.76,31856.3
20220825-0000418,2023-10-10 08:13:47.649,2231.09,158.22,31672.02
20220825-0000419,2023-10-10 08:15:00.665,2225.03,153.55,30104.93
20220825-0000421,2023-10-10 08:16:14.657,2227.05,140.84,31775.04
20220825-0000421,2023-10-10 08:16:14.657,2227.05,136.62,33363.79
20220825-0000422,2023-10-10 08:17:27.664,2223.01,157.23,31389.95
20220825-0000423,2023-10-10 08:18:40.656,2230.08,164.4,31838.4
20220825-0000425,2023-10-10 08:21:07.655,2232.1,152.14,31932.1
20220825-0000426,2023-10-10 08:22:21.659,2230.08,159.24,31807.11
20220825-0000427,2023-10-10 08:23:34.653,2227.05,150.79,31990.16
20220825-0000428,2023-10-10 08:24:48.648,2227.05,157.78,31688.53
20220825-0000430,2023-10-10 08:27:15.642,2225.03,134.22,31855.7
20220825-0000431,2023-10-10 08:28:28.639,2228.06,152.08,31612.79
20220825-0000432,2023-10-10 08:30:54.653,2227.05,156.29,31690.09
20220825-0000434,2023-10-10 08:32:29.642,2226.04,144.97,31491.14
20220825-0000435,2023-10-10 08:33:45.643,2228.06,150.19,31690.44
20220825-0000436,2023-10-10 08:35:02.649,2228.06,159.44,31397.18
20220825-0000437,2023-10-10 08:36:18.646,2224.02,150.69,31169.55
20220825-0000439,2023-10-10 08:39:19.648,2225.03,161.69,31928.53
20220825-0000441,2023-10-10 08:42:01.642,2228.06,145.62,31775.09
20220825-0000443,2023-10-10 08:44:35.638,2225.03,164.42,31829.0
20220825-0000444,2023-10-10 08:45:52.651,2227.05,157.38,31925.2
20220825-0000445,2023-10-10 08:45:53.633,2225.03,160.61,31748.56
20220825-0000446,2023-10-10 08:47:10.638,2224.02,152.48,31170.43
20220825-0000447,2023-10-10 08:48:26.635,2223.01,149.01,31967.79
20220825-0000448,2023-10-10 08:49:43.641,2224.02,148.46,33448.77
20220825-0000448,2023-10-10 08:49:43.641,2224.02,153.05,31855.97
20220825-0000449,2023-10-10 08:51:00.640,2225.03,144.78,31997.57
20220825-0000450,2023-10-10 08:52:17.642,2224.02,155.38,31396.06
20220825-0000451,2023-10-10 08:53:46.645,2223.01,158.32,31568.53
20220825-0000452,2023-10-10 08:54:06.640,2227.05,147.47,31232.39
20220825-0000454,2023-10-10 08:56:52.637,2225.03,166.49,31287.01
20220825-0000455,2023-10-10 08:58:05.632,2227.05,137.08,32042.14
20220825-0000456,2023-10-10 08:59:19.627,2232.1,167.51,31398.36
20220825-0000457,2023-10-10 09:00:32.622,2225.03,142.23,33678.78
20220825-0000457,2023-10-10 09:00:32.622,2225.03,146.63,32075.03
20220825-0000458,2023-10-10 09:02:32.629,2226.04,163.07,29478.43
20220825-0000459,2023-10-10 09:03:51.651,2225.03,149.88,31779.51
20220825-0000460,2023-10-10 09:05:04.632,2228.06,165.44,31913.59
20220825-0000461,2023-10-10 09:06:18.638,2233.11,138.5,31774.95
20220825-0000462,2023-10-10 09:07:31.633,2223.01,140.29,31876.36
20220825-0000463,2023-10-10 09:08:45.246,2225.03,175.24,31501.19
20220825-0000464,2023-10-10 09:08:45.629,2228.06,150.8,31747.84
20220825-0000465,2023-10-10 09:09:58.624,2224.02,158.05,31690.11
20220825-0000467,2023-10-10 09:12:25.624,2227.05,155.07,33528.62
20220825-0000467,2023-10-10 09:12:25.624,2227.05,159.86,31932.02
20220825-0000468,2023-10-10 09:13:38.632,2225.03,140.59,32059.15
20220825-0000469,2023-10-10 09:14:52.623,2228.06,141.39,31998.61
20220825-0000470,2023-10-10 09:16:05.629,2232.1,139.94,31170.4
20220825-0000471,2023-10-10 09:17:19.630,2226.04,154.84,32078.96
20220825-0000472,2023-10-10 09:18:32.626,2226.04,156.69,31500.4
20220825-0000473,2023-10-10 09:19:45.624,2226.04,141.41,31500.87
20220825-0000474,2023-10-10 09:20:59.629,2223.01,148.72,32029.99
20220825-0000475,2023-10-10 09:22:12.624,2228.06,146.19,31597.55
20220825-0000476,2023-10-10 09:23:25.623,2223.01,144.62,31045.16
20220825-0000476,2023-10-10 09:23:25.623,2223.01,140.28,32597.42
20220825-0000478,2023-10-10 09:24:39.633,2227.05,154.63,32031.82
20220825-0000479,2023-10-10 09:25:52.629,2227.05,148.43,31988.96
20220825-0000480,2023-10-10 09:27:06.620,2223.01,166.62,31220.02
20220825-0000481,2023-10-10 09:28:19.621,2225.03,150.65,31775.07
20220825-0000482,2023-10-10 09:29:32.616,2225.03,159.23,31612.02
20220825-0000483,2023-10-10 09:30:46.617,2223.01,146.87,31398.17
20220825-0000485,2023-10-10 09:33:13.619,2226.04,156.44,32032.07
20220825-0000486,2023-10-10 09:34:26.617,2224.02,155.5,31696.53
20220825-0000487,2023-10-10 09:35:40.619,2225.03,159.5,32099.38
20220825-0000488,2023-10-10 09:36:53.625,2223.01,169.17,31285.98
20220825-0000489,2023-10-10 09:38:07.611,2226.04,154.89,31399.01
20220825-0000490,2023-10-10 09:39:20.622,2226.04,133.93,31931.81
20220825-0000491,2023-10-10 09:40:34.611,2229.07,153.8,32001.91
20220825-0000493,2023-10-10 09:43:01.618,2226.04,144.58,31776.19
20220825-0000493,2023-10-10 09:43:01.618,2226.04,140.24,33365.0
20220825-0000494,2023-10-10 09:44:28.606,2223.01,153.7,31495.79
20220825-0000495,2023-10-10 09:45:42.611,2226.04,149.13,31855.81
20220825-0000496,2023-10-10 09:46:56.613,2225.03,150.07,31856.28
20220825-0000498,2023-10-10 09:49:22.613,2227.05,170.39,31501.66
20220825-0000499,2023-10-10 09:49:23.617,2224.02,151.89,31684.54
20220825-0000500,2023-10-10 09:50:36.620,2226.04,149.76,31500.83
20220825-0000501,2023-10-10 09:51:49.614,2223.01,134.75,31827.59
20220825-0000502,2023-10-10 09:53:03.603,2227.05,154.8,31689.76
20220825-0000503,2023-10-10 09:54:16.608,2226.04,143.16,31856.49
20220825-0000504,2023-10-10 09:55:29.610,2224.02,156.21,31286.68
20220825-0000504,2023-10-10 09:55:29.610,2224.02,151.53,32851.01
20220825-0000505,2023-10-10 09:56:43.617,2224.02,147.11,31286.68
20220825-0000506,2023-10-10 09:57:57.606,2224.02,138.01,32020.38
20220825-0000507,2023-10-10 09:59:10.110,2223.01,164.43,31598.72
20220825-0000508,2023-10-10 09:59:11.117,2223.01,149.52,32105.85
20220825-0000509,2023-10-10 10:00:24.106,2226.04,157.92,31600.26
20220825-0000511,2023-10-10 10:02:51.105,2226.04,145.02,31670.62
20220825-0000512,2023-10-10 10:04:29.106,2229.07,162.1,31774.93
20220825-0000513,2023-10-10 10:05:42.103,2226.04,149.39,32093.52
20220825-0000514,2023-10-10 10:06:58.099,2226.04,157.83,31998.35
20220825-0000516,2023-10-10 10:09:36.113,2225.03,163.93,32002.8
20220825-0000517,2023-10-10 10:11:00.099,2226.04,155.42,31598.77
20220825-0000518,2023-10-10 10:12:14.102,2227.05,157.7,32001.79
20220825-0000518,2023-10-10 10:12:14.102,2227.05,152.97,33601.88
20220825-0000519,2023-10-10 10:13:31.111,2223.01,178.06,31935.95
20220825-0000520,2023-10-10 10:14:44.102,2224.02,172.45,31501.06
